<?xml version="1.0" encoding="UTF-8"?>
<project-private xmlns="http://www.netbeans.org/ns/project-private/1">
    <editor-bookmarks xmlns="http://www.netbeans.org/ns/editor-bookmarks/2" lastBookmarkId="0"/>
    <open-files xmlns="http://www.netbeans.org/ns/projectui-open-files/2">
        <group>
            <file>file:/F:/Netbeans/ProjArrayLAgenda/src/projarraylagenda/Contato.java</file>
            <file>file:/F:/Netbeans/ProjArrayLAgenda/src/projarraylagenda/Data.java</file>
            <file>file:/F:/Netbeans/ProjArrayLAgenda/src/projarraylagenda/Main.java</file>
            <file>file:/F:/Netbeans/ProjArrayLAgenda/src/projarraylagenda/Agenda.java</file>
        </group>
    </open-files>
</project-private>
